{
  "timestamp": 1754632894.6318772,
  "socket_path": "/var/folders/dw/y348mck15dq4z2jjqw65rynm0000gn/T/linch-mind-47843.sock",
  "tests": {
    "single_request_latency": {
      "test": "single_request_latency",
      "total_requests": 100,
      "successful_requests": 50,
      "error_rate": 50.0,
      "latency_ms": {
        "min": 0.052916991990059614,
        "max": 0.2300409832969308,
        "mean": 0.08178869087714702,
        "median": 0.08224998600780964,
        "p95": 0.14643985487055033,
        "p99": 0.2300409832969308,
        "stdev": 0.029516202488202026
      },
      "errors": []
    },
    "concurrent_requests": {
      "test": "concurrent_requests",
      "concurrent_clients": 10,
      "requests_per_client": 30,
      "total_requests": 300,
      "successful_requests": 300,
      "error_rate": 0.0,
      "duration_seconds": 0.013416208967100829,
      "requests_per_second": 22361.011276408914,
      "latency_ms": {
        "min": 0.30708295525982976,
        "max": 0.9336660150438547,
        "mean": 0.38673191525352496,
        "median": 0.3530209942255169,
        "p95": 0.4625812260201201,
        "p99": 0.8217516745207831
      },
      "errors": []
    },
    "message_size_impact": {
      "test": "message_size_impact",
      "results": {
        "100_bytes": {
          "message_size": 100,
          "avg_latency_ms": 0.06279984663706273,
          "min_latency_ms": 0.0524159986525774,
          "max_latency_ms": 0.10295800166204572
        },
        "1000_bytes": {
          "message_size": 1000,
          "avg_latency_ms": 0.07532090821769089,
          "min_latency_ms": 0.056999968364834785,
          "max_latency_ms": 0.13920798664912581
        },
        "10000_bytes": {
          "message_size": 10000,
          "avg_latency_ms": 0.10300215799361467,
          "min_latency_ms": 0.09254203177988529,
          "max_latency_ms": 0.13775000115856528
        },
        "100000_bytes": {
          "message_size": 100000,
          "avg_latency_ms": 0.508383140549995,
          "min_latency_ms": 0.46195799950510263,
          "max_latency_ms": 0.5727079696953297
        }
      }
    },
    "connection_establishment": {
      "test": "connection_establishment",
      "total_attempts": 30,
      "successful_connections": 30,
      "error_rate": 0.0,
      "connection_time_ms": {
        "min": 0.0030829687602818012,
        "max": 0.010374991688877344,
        "mean": 0.00400276427778105,
        "median": 0.0036869896575808525
      },
      "errors": []
    }
  }
}